{"accuracy": 0.9596287703016241, "precision": 0.9259259259259259, "recall": 0.22727272727272727, "f1": 0.36496350364963503}